<?xml version="1.0" encoding="UTF-8"?>
<suppressions xmlns="https://jeremylong.github.io/DependencyCheck/dependency-suppression.1.3.xsd">
   <suppress>
      <notes><![CDATA[
      file name: bcprov-jdk15on-1.46.jar
      ]]></notes>
      <packageUrl regex="true">^pkg:maven/org\.bouncycastle/bcprov\-jdk15on@.*$</packageUrl>
      <vulnerabilityName>CVE-2015-6644</vulnerabilityName>
   </suppress>
   <suppress>
      <notes><![CDATA[
      file name: bcprov-jdk15on-1.46.jar
      ]]></notes>
      <packageUrl regex="true">^pkg:maven/org\.bouncycastle/bcprov\-jdk15on@.*$</packageUrl>
      <vulnerabilityName>CVE-2018-1000613</vulnerabilityName>
   </suppress>
   <suppress>
      <notes><![CDATA[
      file name: bcprov-jdk15on-1.46.jar
      ]]></notes>
      <packageUrl regex="true">^pkg:maven/org\.bouncycastle/bcprov\-jdk15on@.*$</packageUrl>
      <vulnerabilityName>CVE-2020-26939</vulnerabilityName>
   </suppress>
   <suppress>
      <notes><![CDATA[
      file name: spring-core-5.2.3.RELEASE.jar
      ]]></notes>
      <packageUrl regex="true">^pkg:maven/org\.springframework/spring\-core@.*$</packageUrl>
      <cpe>cpe:/a:vmware:springsource_spring_framework</cpe>
   </suppress>

   <suppress>
      <notes><![CDATA[
      file name: bcprov-jdk15on-1.46.jar
      ]]></notes>
      <packageUrl regex="true">^pkg:maven/org\.bouncycastle/bcprov\-jdk15on@.*$</packageUrl>
      <cpe>cpe:/a:bouncycastle:bouncy-castle-crypto-package</cpe>
   </suppress>

   <suppress>
      <notes><![CDATA[
      file name: bcprov-jdk15on-1.46.jar
      ]]></notes>
      <packageUrl regex="true">^pkg:maven/org\.bouncycastle/bcprov\-jdk15on@.*$</packageUrl>
      <cpe>cpe:/a:bouncycastle:bouncy_castle_crypto_package</cpe>
   </suppress>
	<suppress>
      <notes><![CDATA[
      file name: bcprov-jdk15on-1.46.jar
      ]]></notes>
      <packageUrl regex="true">^pkg:maven/org\.bouncycastle/bcprov\-jdk15on@.*$</packageUrl>
      <cpe>cpe:/a:bouncycastle:the_bouncy_castle_crypto_package_for_java</cpe>
   </suppress>
   <suppress>
      <notes><![CDATA[
      file name: jackson-databind-2.10.2.jar
      ]]></notes>
      <packageUrl regex="true">^pkg:maven/com\.fasterxml\.jackson\.core/jackson\-databind@.*$</packageUrl>
      <cpe>cpe:/a:fasterxml:jackson-modules-java8</cpe>
   </suppress>
   <suppress>
      <notes><![CDATA[
      file name: spring-core-5.2.3.RELEASE.jar
      ]]></notes>
      <packageUrl regex="true">^pkg:maven/org\.springframework/spring\-core@.*$</packageUrl>
      <cpe>cpe:/a:vmware:springsource_spring_framework</cpe>
   </suppress>
   <suppress>
      <notes><![CDATA[
      file name: bcprov-jdk15on-1.46.jar
      ]]></notes>
      <packageUrl regex="true">^pkg:maven/org\.bouncycastle/bcprov\-jdk15on@.*$</packageUrl>
      <vulnerabilityName>CVE-2015-7940</vulnerabilityName>
   </suppress>
</suppressions>